{"TaxRate":0.02,"InputPrices":[10,20,7.8,21.9],"TaxIncludedPrices":{"10.00":10.2,"20.00":20.4,"21.90":22.337999999999997,"7.80":7.9559999999999995}}
