{"tax_rate":0.02,"tax_included_prices":{"10.00":10.2,"20.00":20.4,"21.90":22.337999999999997,"7.80":7.9559999999999995}}
